<configuration>
	<contextName>sales-manager</contextName>
	<contextListener class="ch.qos.logback.classic.jul.LevelChangePropagator" />

	<appender name="STDOUT" class="ch.qos.logback.core.ConsoleAppender">
		<encoder>
			<pattern>%d{HH:mm:ss.SSS} %contextName [%thread] %-5level %logger{36}
				- %msg%n</pattern>
		</encoder>
	</appender>

	<appender name="hibernate-sql" class="ch.qos.logback.core.FileAppender">
	  <file>logs/hibernate-sql.log</file>
	 
	  <layout class="ch.qos.logback.classic.PatternLayout">
	    <pattern>%d{HH:mm:ss.SSS} [%thread] %-5level %logger{36} - %msg%n</pattern>
	  </layout>
	</appender>
	<root level="info">
		<appender-ref ref="STDOUT" />
	</root>

	<logger name="org.balajicables.salesmanager" level="DEBUG" />
	<logger name="org.hibernate.type" level="ALL" />
  	<logger name="org.hibernate" level="DEBUG" />
  	<logger name="org.springframework" level="DEBUG" />
  	<logger name="org.hibernate.SQL">
  		<appender-ref ref="hibernate-sql"/>
  		<appender-ref ref="STDOUT" />
	</logger>
</configuration>