<beans xmlns="http://www.springframework.org/schema/beans"
xmlns:xsi="http://www.w3.org/2001/XMLSchema-instance"
xmlns:p="http://www.springframework.org/schema/p" 
xsi:schemaLocation="http://www.springframework.org/schema/beans
http://www.springframework.org/schema/beans/spring-beans-2.5.xsd">
 
<bean id="mailSender" class="org.springframework.mail.javamail.JavaMailSenderImpl">
	<property name="host" value="smtp.gmail.com" />
	<property name="port" value="587" />
	<property name="username" value="becpl.automail@balajiextrusions.com" />
	<property name="password" value="automailbwires1202" />
 
	<property name="javaMailProperties">
	   <props>
       	      <prop key="mail.smtp.auth">true</prop>
       	      <prop key="mail.smtp.starttls.enable">true</prop>
       	   </props>
	</property>
</bean>
 
<bean id="mailMail" class="org.balajicables.salesmanager.common.MailMail">
	<property name="mailSender" ref="mailSender" />
</bean>
    <bean id="velocityEngine" class="org.springframework.ui.velocity.VelocityEngineFactoryBean">
        <property name="velocityProperties">
            <value>
            resource.loader=class
          class.resource.loader.class=org.apache.velocity.runtime.resource.loader.ClasspathResourceLoader
               </value>
        </property>
    </bean>

</beans>