<?xml version="1.0" encoding="UTF-8"?>
<beans xmlns="http://www.springframework.org/schema/beans" 
       	xmlns:xsi="http://www.w3.org/2001/XMLSchema-instance"
       	xmlns:p="http://www.springframework.org/schema/p" 
       	xmlns:tx="http://www.springframework.org/schema/tx"
       	xmlns:context="http://www.springframework.org/schema/context"
       	xmlns:jdbc="http://www.springframework.org/schema/jdbc"
       	xmlns:jpa="http://www.springframework.org/schema/data/jpa"
       	xmlns:util="http://www.springframework.org/schema/util"
       	xsi:schemaLocation="
			http://www.springframework.org/schema/beans 
			http://www.springframework.org/schema/beans/spring-beans-3.1.xsd
			http://www.springframework.org/schema/tx 
			http://www.springframework.org/schema/tx/spring-tx-3.1.xsd			
			http://www.springframework.org/schema/jdbc 
			http://www.springframework.org/schema/jdbc/spring-jdbc-3.1.xsd
			http://www.springframework.org/schema/data/jpa
   			http://www.springframework.org/schema/data/jpa/spring-jpa.xsd
			http://www.springframework.org/schema/util 
			http://www.springframework.org/schema/util/spring-util-3.1.xsd" default-autowire="byName">

	<!-- Scans within the base package of the application for @Components to configure as beans -->
	<bean id="placeholderConfig"
		class="org.springframework.beans.factory.config.PropertyPlaceholderConfigurer">
		<property name="location" value="classpath:db.properties" />
	</bean>

	<bean id="entityManagerFactory"
		class="org.springframework.orm.jpa.LocalContainerEntityManagerFactoryBean">
		<property name="jpaVendorAdapter">
			<bean class="org.springframework.orm.jpa.vendor.HibernateJpaVendorAdapter">
				<property name="showSql" value="true" />
				<property name="databasePlatform" value="${db.dialect}" />
			</bean>
		</property>		
	</bean>

	<bean id="dataSource" class="org.apache.commons.dbcp.BasicDataSource"
		destroy-method="close">
		<property name="driverClassName" value="${db.driver}" />
		<property name="url" value="${db.url}" />
		<property name="username" value="${db.username}" />
		<property name="password" value="${db.password}" />
	</bean>

	<bean id="transactionManager" class="org.springframework.orm.jpa.JpaTransactionManager">

	</bean>
	<!-- Activate Spring Data JPA repository support -->
  	<jpa:repositories base-package="org.balajicables.salesmanager" />

	<bean
		class="org.springframework.orm.jpa.support.PersistenceAnnotationBeanPostProcessor" />
	
</beans>
