<beans:beans xmlns="http://www.springframework.org/schema/security"
  xmlns:beans="http://www.springframework.org/schema/beans"
  xmlns:xsi="http://www.w3.org/2001/XMLSchema-instance"
  xmlns:context="http://www.springframework.org/schema/context"
  xsi:schemaLocation="http://www.springframework.org/schema/beans
           http://www.springframework.org/schema/beans/spring-beans-3.0.xsd
           http://www.springframework.org/schema/security
           http://www.springframework.org/schema/security/spring-security-3.1.xsd
           http://www.springframework.org/schema/context
           http://www.springframework.org/schema/context/spring-context-3.1.xsd">
           
 	<http pattern="/resources/**" security="none"/>
 	
	<http auto-config="true" use-expressions="true">
		<intercept-url pattern="/login*" access="permitAll" />
		<intercept-url pattern="/**" access="isAuthenticated()" />
		<form-login login-page="/login" default-target-url="/welcome"
			authentication-failure-url="/loginfailed" />
		<!-- <logout logout-success-url="/login" /> -->
	</http>
<!-- 	<authentication-manager>
	  <authentication-provider>
	    <user-service>
		<user name="nehal" password="123456" authorities="ROLE_USER" />
	    </user-service>
	  </authentication-provider>
	</authentication-manager> -->
	<context:annotation-config />
	<context:component-scan base-package="org.balajicables.salesmanager" />

	<beans:bean id="daoAuthenticationProvider"
		class="org.springframework.security.authentication.dao.DaoAuthenticationProvider">
		<beans:property name="userDetailsService" ref="userDetailsService" />
	</beans:bean>
		
	<beans:bean id="authenticationManager"
		class="org.springframework.security.authentication.ProviderManager">
		<beans:property name="providers">
			<beans:list>
				<beans:ref local="daoAuthenticationProvider" />
			</beans:list>
		</beans:property>
	</beans:bean>
	
	<authentication-manager>
		<authentication-provider user-service-ref="userDetailsService">
			<!-- <password-encoder hash="md5"/> -->
		</authentication-provider>
	</authentication-manager>
<!-- 	<authentication-manager>
		<authentication-provider>
			<jdbc-user-service data-source-ref="dataSource"

				users-by-username-query="
			      select email_id as username,password, enabled 
			      from user where email_id=?"

				authorities-by-username-query="
					select email_id as username, u.password, r.authority
					from user u 
					inner join user_role ur ON (u.user_id = ur.user_id)
					inner join role r ON (ur.role_id = r.role_id)
					where u.email_id=?" />
		</authentication-provider>
	</authentication-manager> -->
	
</beans:beans>